{"0": [2.0024759070579057e-05, -3.0604565975419945e-06, 1.4189988680262867e-05, -2.9407762646581973e-06, -1.5210787557525037e-05, -1.5038092917085129e-05, -2.773252808752383e-05, -2.2978892807391437e-07, -1.1013267711829224e-06, 3.6739190863541e-05, -8.903296224540424e-06, -1.5346314004244e-05, 2.6370250284066946e-05, -2.145368516279001e-05, 1.806752748596098e-05, 7.048428125841426e-07, -3.6658460704993994e-06, -1.7023363371120075e-05, -2.3823941370054575e-06, -1.231040817186498e-05], "1": [0.00015505813241344823, -0.0001675090076473978, 6.043169287847971e-06, 8.712546643231514e-05, -3.845693914782079e-05, -6.731525801266643e-06, -0.00029129717614976696, 0.00019741637270957984, 3.04792827139083e-06, -0.00011808932774917842, 4.8201322354575116e-05, -0.00018276361934416638, 3.182414111704012e-05, 1.4303751568228366e-05, 7.332819996317043e-06, 0.0001597660274094222, 8.587936842344556e-05, 7.016222526667193e-05, -8.293192909127636e-05, -2.940973002778242e-06], "2": [-0.0008464795337253299, -0.00017180402300123482, 0.0004986862596891855, -0.0006224069376654371, -0.0011809063530124721, -0.0002557303327773688, -0.0007982661968841901, 0.001068062533789917, -7.506979478046132e-05, 2.0767917183387503e-05, -2.5483235270995036e-06, -0.0004922624816525363, -4.4984233066543856e-05, -0.0010681584051235485, -9.173774310018964e-06, 0.00055428736044102, -3.2416442380946197e-06, 9.715709666129082e-05], "3": [0.0016665975317395384, -0.00047122992937367327, 0.0020911549196115237, 0.003996863433214765, -0.0005194494997540337, -0.0011968986023743707, 0.0033177824276103053, -0.0008793869255177496, 0.0009964349457211516, -0.0011574001423434205, -0.0028200540029639956, -0.0004115488469028023, 0.0005292670210495495, -0.004958067381643345, -0.0038946945493246723, 0.00270551919241025, -0.0004916334246628966, 0.0014967438335038753]}